Message ID,Send Time,Receive Time,Status,Error
0,10828127776,10828128071,1,"IOTHUB_CLIENT_CONFIRMATION_OK"
1,10828128109,10828128137,1,"IOTHUB_CLIENT_CONFIRMATION_OK"
2,10828128442,10828128471,1,"IOTHUB_CLIENT_CONFIRMATION_OK"
3,10828128775,10828128804,1,"IOTHUB_CLIENT_CONFIRMATION_OK"
4,10828129108,10828129138,1,"IOTHUB_CLIENT_CONFIRMATION_OK"
5,10828129442,10828129565,1,"IOTHUB_CLIENT_CONFIRMATION_OK"
6,10828129775,10828129803,1,"IOTHUB_CLIENT_CONFIRMATION_OK"
7,10828130108,10828130151,1,"IOTHUB_CLIENT_CONFIRMATION_OK"
8,10828130441,10828130472,1,"IOTHUB_CLIENT_CONFIRMATION_OK"
9,10828130774,10828130807,1,"IOTHUB_CLIENT_CONFIRMATION_OK"
10,10828131107,10828131143,1,"IOTHUB_CLIENT_CONFIRMATION_OK"
11,10828131441,10828131471,1,"IOTHUB_CLIENT_CONFIRMATION_OK"
12,10828131774,10828131803,1,"IOTHUB_CLIENT_CONFIRMATION_OK"
13,10828132107,10828132134,1,"IOTHUB_CLIENT_CONFIRMATION_OK"
14,10828132440,10828132470,1,"IOTHUB_CLIENT_CONFIRMATION_OK"
15,10828132773,10828132806,1,"IOTHUB_CLIENT_CONFIRMATION_OK"
16,10828133106,10828133135,1,"IOTHUB_CLIENT_CONFIRMATION_OK"
17,10828133439,10828133469,1,"IOTHUB_CLIENT_CONFIRMATION_OK"
18,10828133773,10828133801,1,"IOTHUB_CLIENT_CONFIRMATION_OK"
19,10828134106,10828134272,1,"IOTHUB_CLIENT_CONFIRMATION_OK"
20,10828134439,10828134468,1,"IOTHUB_CLIENT_CONFIRMATION_OK"
21,10828134772,10828134800,1,"IOTHUB_CLIENT_CONFIRMATION_OK"
22,10828135105,10828135133,1,"IOTHUB_CLIENT_CONFIRMATION_OK"
23,10828135438,10828135473,1,"IOTHUB_CLIENT_CONFIRMATION_OK"
24,10828135771,10828135801,1,"IOTHUB_CLIENT_CONFIRMATION_OK"
25,10828136105,10828136132,1,"IOTHUB_CLIENT_CONFIRMATION_OK"
26,10828136438,10828136489,1,"IOTHUB_CLIENT_CONFIRMATION_OK"
27,10828136771,10828136799,1,"IOTHUB_CLIENT_CONFIRMATION_OK"
28,10828137104,10828137132,1,"IOTHUB_CLIENT_CONFIRMATION_OK"
29,10828137437,10828137466,1,"IOTHUB_CLIENT_CONFIRMATION_OK"
30,10828137770,10828137818,1,"IOTHUB_CLIENT_CONFIRMATION_OK"
31,10828138104,10828138132,1,"IOTHUB_CLIENT_CONFIRMATION_OK"
32,10828138437,10828138475,1,"IOTHUB_CLIENT_CONFIRMATION_OK"
33,10828138770,10828138801,1,"IOTHUB_CLIENT_CONFIRMATION_OK"
34,10828139103,10828139131,1,"IOTHUB_CLIENT_CONFIRMATION_OK"
35,10828139436,10828139464,1,"IOTHUB_CLIENT_CONFIRMATION_OK"
36,10828139769,10828139797,1,"IOTHUB_CLIENT_CONFIRMATION_OK"
37,10828140102,10828140130,1,"IOTHUB_CLIENT_CONFIRMATION_OK"
38,10828140436,10828140490,1,"IOTHUB_CLIENT_CONFIRMATION_OK"
39,10828140769,10828140799,1,"IOTHUB_CLIENT_CONFIRMATION_OK"
40,10828141102,10828141130,1,"IOTHUB_CLIENT_CONFIRMATION_OK"
41,10828141435,10828141464,1,"IOTHUB_CLIENT_CONFIRMATION_OK"
42,10828141768,10828141796,1,"IOTHUB_CLIENT_CONFIRMATION_OK"
43,10828142101,10828142130,1,"IOTHUB_CLIENT_CONFIRMATION_OK"
44,10828142435,10828142463,1,"IOTHUB_CLIENT_CONFIRMATION_OK"
45,10828142768,10828142796,1,"IOTHUB_CLIENT_CONFIRMATION_OK"
46,10828143101,10828143130,1,"IOTHUB_CLIENT_CONFIRMATION_OK"
47,10828143434,10828143510,1,"IOTHUB_CLIENT_CONFIRMATION_OK"
48,10828143767,10828143796,1,"IOTHUB_CLIENT_CONFIRMATION_OK"
49,10828144100,10828144128,1,"IOTHUB_CLIENT_CONFIRMATION_OK"
50,10828144433,10828144461,1,"IOTHUB_CLIENT_CONFIRMATION_OK"
51,10828144767,10828144795,1,"IOTHUB_CLIENT_CONFIRMATION_OK"
52,10828145100,10828145165,1,"IOTHUB_CLIENT_CONFIRMATION_OK"
53,10828145433,10828145461,1,"IOTHUB_CLIENT_CONFIRMATION_OK"
54,10828145766,10828145794,1,"IOTHUB_CLIENT_CONFIRMATION_OK"
55,10828146099,10828146128,1,"IOTHUB_CLIENT_CONFIRMATION_OK"
56,10828146432,10828146460,1,"IOTHUB_CLIENT_CONFIRMATION_OK"
57,10828146766,10828146794,1,"IOTHUB_CLIENT_CONFIRMATION_OK"
58,10828147099,10828147126,1,"IOTHUB_CLIENT_CONFIRMATION_OK"
59,10828147432,10828147460,1,"IOTHUB_CLIENT_CONFIRMATION_OK"
60,10828147765,10828147793,1,"IOTHUB_CLIENT_CONFIRMATION_OK"
61,10828148098,10828148223,1,"IOTHUB_CLIENT_CONFIRMATION_OK"
62,10828148431,10828148460,1,"IOTHUB_CLIENT_CONFIRMATION_OK"
63,10828148764,10828148793,1,"IOTHUB_CLIENT_CONFIRMATION_OK"
64,10828149098,10828149125,1,"IOTHUB_CLIENT_CONFIRMATION_OK"
65,10828149431,10828149460,1,"IOTHUB_CLIENT_CONFIRMATION_OK"
66,10828149764,10828149793,1,"IOTHUB_CLIENT_CONFIRMATION_OK"
67,10828150097,10828150125,1,"IOTHUB_CLIENT_CONFIRMATION_OK"
68,10828150430,10828150460,1,"IOTHUB_CLIENT_CONFIRMATION_OK"
69,10828150763,10828150792,1,"IOTHUB_CLIENT_CONFIRMATION_OK"
70,10828151097,10828151124,1,"IOTHUB_CLIENT_CONFIRMATION_OK"
71,10828151430,10828151458,1,"IOTHUB_CLIENT_CONFIRMATION_OK"
72,10828151763,10828151797,1,"IOTHUB_CLIENT_CONFIRMATION_OK"
73,10828152096,10828152124,1,"IOTHUB_CLIENT_CONFIRMATION_OK"
74,10828152429,10828152475,1,"IOTHUB_CLIENT_CONFIRMATION_OK"
75,10828152762,10828152920,1,"IOTHUB_CLIENT_CONFIRMATION_OK"
76,10828153096,10828153125,1,"IOTHUB_CLIENT_CONFIRMATION_OK"
77,10828153429,10828153457,1,"IOTHUB_CLIENT_CONFIRMATION_OK"
78,10828153762,10828153790,1,"IOTHUB_CLIENT_CONFIRMATION_OK"
79,10828154095,10828154124,1,"IOTHUB_CLIENT_CONFIRMATION_OK"
80,10828154428,10828154456,1,"IOTHUB_CLIENT_CONFIRMATION_OK"
81,10828154761,10828154801,1,"IOTHUB_CLIENT_CONFIRMATION_OK"
82,10828155095,10828155152,1,"IOTHUB_CLIENT_CONFIRMATION_OK"
83,10828155428,10828155456,1,"IOTHUB_CLIENT_CONFIRMATION_OK"
84,10828155761,10828155803,1,"IOTHUB_CLIENT_CONFIRMATION_OK"
85,10828156094,10828156122,1,"IOTHUB_CLIENT_CONFIRMATION_OK"
86,10828156427,10828156529,1,"IOTHUB_CLIENT_CONFIRMATION_OK"
87,10828156760,10828156788,1,"IOTHUB_CLIENT_CONFIRMATION_OK"
88,10828157093,10828157121,1,"IOTHUB_CLIENT_CONFIRMATION_OK"
89,10828157427,10828157579,1,"IOTHUB_CLIENT_CONFIRMATION_OK"
90,10828157760,10828157790,1,"IOTHUB_CLIENT_CONFIRMATION_OK"
91,10828158093,10828158134,1,"IOTHUB_CLIENT_CONFIRMATION_OK"
92,10828158426,10828158455,1,"IOTHUB_CLIENT_CONFIRMATION_OK"
93,10828158759,10828158787,1,"IOTHUB_CLIENT_CONFIRMATION_OK"
94,10828159092,10828159126,1,"IOTHUB_CLIENT_CONFIRMATION_OK"
95,10828159426,10828159453,1,"IOTHUB_CLIENT_CONFIRMATION_OK"
96,10828159759,10828159828,1,"IOTHUB_CLIENT_CONFIRMATION_OK"
97,10828160092,10828160122,1,"IOTHUB_CLIENT_CONFIRMATION_OK"
98,10828160425,10828160453,1,"IOTHUB_CLIENT_CONFIRMATION_OK"
99,10828160758,10828160787,1,"IOTHUB_CLIENT_CONFIRMATION_OK"
100,10828161091,10828161122,1,"IOTHUB_CLIENT_CONFIRMATION_OK"
101,10828161425,10828161454,1,"IOTHUB_CLIENT_CONFIRMATION_OK"
102,10828161758,10828161795,1,"IOTHUB_CLIENT_CONFIRMATION_OK"
103,10828162091,10828162119,1,"IOTHUB_CLIENT_CONFIRMATION_OK"
104,10828162424,10828162453,1,"IOTHUB_CLIENT_CONFIRMATION_OK"
105,10828162757,10828162787,1,"IOTHUB_CLIENT_CONFIRMATION_OK"
106,10828163090,10828163119,1,"IOTHUB_CLIENT_CONFIRMATION_OK"
107,10828163423,10828163460,1,"IOTHUB_CLIENT_CONFIRMATION_OK"
108,10828163757,10828163954,1,"IOTHUB_CLIENT_CONFIRMATION_OK"
109,10828164090,10828164123,1,"IOTHUB_CLIENT_CONFIRMATION_OK"
110,10828164423,10828164452,1,"IOTHUB_CLIENT_CONFIRMATION_OK"
111,10828164756,10828164784,1,"IOTHUB_CLIENT_CONFIRMATION_OK"
112,10828165089,10828165119,1,"IOTHUB_CLIENT_CONFIRMATION_OK"
113,10828165422,10828165451,1,"IOTHUB_CLIENT_CONFIRMATION_OK"
114,10828165756,10828165789,1,"IOTHUB_CLIENT_CONFIRMATION_OK"
115,10828166089,10828166197,1,"IOTHUB_CLIENT_CONFIRMATION_OK"
116,10828166422,10828166455,1,"IOTHUB_CLIENT_CONFIRMATION_OK"
117,10828166755,10828166796,1,"IOTHUB_CLIENT_CONFIRMATION_OK"
118,10828167088,10828167119,1,"IOTHUB_CLIENT_CONFIRMATION_OK"
119,10828167421,10828167449,1,"IOTHUB_CLIENT_CONFIRMATION_OK"
120,10828167754,10828167784,1,"IOTHUB_CLIENT_CONFIRMATION_OK"
121,10828168088,10828168115,1,"IOTHUB_CLIENT_CONFIRMATION_OK"
122,10828168421,10828168460,1,"IOTHUB_CLIENT_CONFIRMATION_OK"
123,10828168754,10828168783,1,"IOTHUB_CLIENT_CONFIRMATION_OK"
124,10828169087,10828169115,1,"IOTHUB_CLIENT_CONFIRMATION_OK"
125,10828169420,10828169451,1,"IOTHUB_CLIENT_CONFIRMATION_OK"
126,10828169753,10828169799,1,"IOTHUB_CLIENT_CONFIRMATION_OK"
127,10828170087,10828170117,1,"IOTHUB_CLIENT_CONFIRMATION_OK"
128,10828170420,10828170450,1,"IOTHUB_CLIENT_CONFIRMATION_OK"
129,10828170753,10828170885,1,"IOTHUB_CLIENT_CONFIRMATION_OK"
130,10828171086,10828171119,1,"IOTHUB_CLIENT_CONFIRMATION_OK"
131,10828171419,10828171463,1,"IOTHUB_CLIENT_CONFIRMATION_OK"
132,10828171752,10828171790,1,"IOTHUB_CLIENT_CONFIRMATION_OK"
133,10828172086,10828172114,1,"IOTHUB_CLIENT_CONFIRMATION_OK"
134,10828172419,10828172529,1,"IOTHUB_CLIENT_CONFIRMATION_OK"
135,10828172752,10828172807,1,"IOTHUB_CLIENT_CONFIRMATION_OK"
136,10828173085,10828173152,1,"IOTHUB_CLIENT_CONFIRMATION_OK"
137,10828173418,10828173477,1,"IOTHUB_CLIENT_CONFIRMATION_OK"
138,10828173751,10828173791,1,"IOTHUB_CLIENT_CONFIRMATION_OK"
139,10828174085,10828174113,1,"IOTHUB_CLIENT_CONFIRMATION_OK"
140,10828174418,10828174446,1,"IOTHUB_CLIENT_CONFIRMATION_OK"
141,10828174751,10828174792,1,"IOTHUB_CLIENT_CONFIRMATION_OK"
142,10828175084,10828175112,1,"IOTHUB_CLIENT_CONFIRMATION_OK"
143,10828175417,10828175447,1,"IOTHUB_CLIENT_CONFIRMATION_OK"
144,10828175750,10828175779,1,"IOTHUB_CLIENT_CONFIRMATION_OK"
145,10828176084,10828176114,1,"IOTHUB_CLIENT_CONFIRMATION_OK"
146,10828176417,10828176445,1,"IOTHUB_CLIENT_CONFIRMATION_OK"
147,10828176750,10828176778,1,"IOTHUB_CLIENT_CONFIRMATION_OK"
148,10828177083,10828177117,1,"IOTHUB_CLIENT_CONFIRMATION_OK"
149,10828177416,10828177444,1,"IOTHUB_CLIENT_CONFIRMATION_OK"
150,10828177749,10828177837,1,"IOTHUB_CLIENT_CONFIRMATION_OK"
151,10828178083,10828178111,1,"IOTHUB_CLIENT_CONFIRMATION_OK"
152,10828178416,10828178444,1,"IOTHUB_CLIENT_CONFIRMATION_OK"
153,10828178749,10828178777,1,"IOTHUB_CLIENT_CONFIRMATION_OK"
154,10828179082,10828179122,1,"IOTHUB_CLIENT_CONFIRMATION_OK"
155,10828179415,10828179444,1,"IOTHUB_CLIENT_CONFIRMATION_OK"
156,10828179748,10828179777,1,"IOTHUB_CLIENT_CONFIRMATION_OK"
157,10828180082,10828180111,1,"IOTHUB_CLIENT_CONFIRMATION_OK"
158,10828180415,10828180444,1,"IOTHUB_CLIENT_CONFIRMATION_OK"
159,10828180748,10828180776,1,"IOTHUB_CLIENT_CONFIRMATION_OK"
160,10828181081,10828181110,1,"IOTHUB_CLIENT_CONFIRMATION_OK"
161,10828181414,10828181448,1,"IOTHUB_CLIENT_CONFIRMATION_OK"
162,10828181747,10828181780,1,"IOTHUB_CLIENT_CONFIRMATION_OK"
163,10828182080,10828182109,1,"IOTHUB_CLIENT_CONFIRMATION_OK"
164,10828182414,10828182531,1,"IOTHUB_CLIENT_CONFIRMATION_OK"
165,10828182747,10828182774,1,"IOTHUB_CLIENT_CONFIRMATION_OK"
166,10828183080,10828183111,1,"IOTHUB_CLIENT_CONFIRMATION_OK"
167,10828183413,10828183441,1,"IOTHUB_CLIENT_CONFIRMATION_OK"
168,10828183746,10828183776,1,"IOTHUB_CLIENT_CONFIRMATION_OK"
169,10828184079,10828184108,1,"IOTHUB_CLIENT_CONFIRMATION_OK"
170,10828184413,10828184450,1,"IOTHUB_CLIENT_CONFIRMATION_OK"
171,10828184746,10828184817,1,"IOTHUB_CLIENT_CONFIRMATION_OK"
172,10828185079,10828185110,1,"IOTHUB_CLIENT_CONFIRMATION_OK"
173,10828185412,10828185440,1,"IOTHUB_CLIENT_CONFIRMATION_OK"
174,10828185745,10828185779,1,"IOTHUB_CLIENT_CONFIRMATION_OK"
175,10828186078,10828186106,1,"IOTHUB_CLIENT_CONFIRMATION_OK"
176,10828186411,10828186440,1,"IOTHUB_CLIENT_CONFIRMATION_OK"
177,10828186745,10828186775,1,"IOTHUB_CLIENT_CONFIRMATION_OK"
178,10828187078,10828187258,1,"IOTHUB_CLIENT_CONFIRMATION_OK"
179,10828187411,10828187441,1,"IOTHUB_CLIENT_CONFIRMATION_OK"
180,10828187744,10828187772,1,"IOTHUB_CLIENT_CONFIRMATION_OK"
181,10828188077,10828188107,1,"IOTHUB_CLIENT_CONFIRMATION_OK"
182,10828188410,10828188439,1,"IOTHUB_CLIENT_CONFIRMATION_OK"
183,10828188744,10828188772,1,"IOTHUB_CLIENT_CONFIRMATION_OK"
184,10828189077,10828189106,1,"IOTHUB_CLIENT_CONFIRMATION_OK"
185,10828189410,10828189485,1,"IOTHUB_CLIENT_CONFIRMATION_OK"
186,10828189743,10828189773,1,"IOTHUB_CLIENT_CONFIRMATION_OK"
187,10828190076,10828190127,1,"IOTHUB_CLIENT_CONFIRMATION_OK"
188,10828190409,10828190438,1,"IOTHUB_CLIENT_CONFIRMATION_OK"
189,10828190743,10828190771,1,"IOTHUB_CLIENT_CONFIRMATION_OK"
190,10828191076,10828191105,1,"IOTHUB_CLIENT_CONFIRMATION_OK"
191,10828191409,10828191437,1,"IOTHUB_CLIENT_CONFIRMATION_OK"
192,10828191742,10828191776,1,"IOTHUB_CLIENT_CONFIRMATION_OK"
193,10828192075,10828192103,1,"IOTHUB_CLIENT_CONFIRMATION_OK"
194,10828192408,10828192438,1,"IOTHUB_CLIENT_CONFIRMATION_OK"
195,10828192742,10828192769,1,"IOTHUB_CLIENT_CONFIRMATION_OK"
196,10828193075,10828193103,1,"IOTHUB_CLIENT_CONFIRMATION_OK"
197,10828193408,10828193448,1,"IOTHUB_CLIENT_CONFIRMATION_OK"
198,10828193741,10828193769,1,"IOTHUB_CLIENT_CONFIRMATION_OK"
199,10828194074,10828194255,1,"IOTHUB_CLIENT_CONFIRMATION_OK"
200,10828194407,10828194436,1,"IOTHUB_CLIENT_CONFIRMATION_OK"
201,10828194741,10828194768,1,"IOTHUB_CLIENT_CONFIRMATION_OK"
202,10828195074,10828195102,1,"IOTHUB_CLIENT_CONFIRMATION_OK"
203,10828195407,10828195434,1,"IOTHUB_CLIENT_CONFIRMATION_OK"
204,10828195740,10828195773,1,"IOTHUB_CLIENT_CONFIRMATION_OK"
205,10828196073,10828196102,1,"IOTHUB_CLIENT_CONFIRMATION_OK"
206,10828196406,10828196500,1,"IOTHUB_CLIENT_CONFIRMATION_OK"
207,10828196739,10828196768,1,"IOTHUB_CLIENT_CONFIRMATION_OK"
208,10828197073,10828197101,1,"IOTHUB_CLIENT_CONFIRMATION_OK"
209,10828197406,10828197435,1,"IOTHUB_CLIENT_CONFIRMATION_OK"
210,10828197739,10828197767,1,"IOTHUB_CLIENT_CONFIRMATION_OK"
211,10828198072,10828198099,1,"IOTHUB_CLIENT_CONFIRMATION_OK"
212,10828198405,10828198433,1,"IOTHUB_CLIENT_CONFIRMATION_OK"
213,10828198738,10828198767,1,"IOTHUB_CLIENT_CONFIRMATION_OK"
214,10828199072,10828199100,1,"IOTHUB_CLIENT_CONFIRMATION_OK"
215,10828199405,10828199433,1,"IOTHUB_CLIENT_CONFIRMATION_OK"
216,10828199738,10828199766,1,"IOTHUB_CLIENT_CONFIRMATION_OK"
217,10828200071,10828200099,1,"IOTHUB_CLIENT_CONFIRMATION_OK"
218,10828200404,10828200432,1,"IOTHUB_CLIENT_CONFIRMATION_OK"
219,10828200737,10828200771,1,"IOTHUB_CLIENT_CONFIRMATION_OK"
220,10828201070,10828201240,1,"IOTHUB_CLIENT_CONFIRMATION_OK"
221,10828201404,10828201443,1,"IOTHUB_CLIENT_CONFIRMATION_OK"
222,10828201737,10828201765,1,"IOTHUB_CLIENT_CONFIRMATION_OK"
223,10828202070,10828202100,1,"IOTHUB_CLIENT_CONFIRMATION_OK"
224,10828202403,10828202431,1,"IOTHUB_CLIENT_CONFIRMATION_OK"
225,10828202736,10828202778,1,"IOTHUB_CLIENT_CONFIRMATION_OK"
226,10828203069,10828203100,1,"IOTHUB_CLIENT_CONFIRMATION_OK"
227,10828203403,10828203472,1,"IOTHUB_CLIENT_CONFIRMATION_OK"
228,10828203736,10828203765,1,"IOTHUB_CLIENT_CONFIRMATION_OK"
229,10828204069,10828204241,1,"IOTHUB_CLIENT_CONFIRMATION_OK"
230,10828204402,10828204430,1,"IOTHUB_CLIENT_CONFIRMATION_OK"
231,10828204735,10828204765,1,"IOTHUB_CLIENT_CONFIRMATION_OK"
232,10828205068,10828205100,1,"IOTHUB_CLIENT_CONFIRMATION_OK"
233,10828205402,10828205432,1,"IOTHUB_CLIENT_CONFIRMATION_OK"
234,10828205735,10828205910,1,"IOTHUB_CLIENT_CONFIRMATION_OK"
235,10828206068,10828206096,1,"IOTHUB_CLIENT_CONFIRMATION_OK"
236,10828206401,10828206432,1,"IOTHUB_CLIENT_CONFIRMATION_OK"
237,10828206734,10828206762,1,"IOTHUB_CLIENT_CONFIRMATION_OK"
238,10828207067,10828207095,1,"IOTHUB_CLIENT_CONFIRMATION_OK"
239,10828207401,10828207430,1,"IOTHUB_CLIENT_CONFIRMATION_OK"
240,10828207734,10828207761,1,"IOTHUB_CLIENT_CONFIRMATION_OK"
241,10828208067,10828208096,1,"IOTHUB_CLIENT_CONFIRMATION_OK"
242,10828208400,10828208430,1,"IOTHUB_CLIENT_CONFIRMATION_OK"
243,10828208733,10828208761,1,"IOTHUB_CLIENT_CONFIRMATION_OK"
244,10828209066,10828209095,1,"IOTHUB_CLIENT_CONFIRMATION_OK"
245,10828209400,10828209428,1,"IOTHUB_CLIENT_CONFIRMATION_OK"
246,10828209733,10828209806,1,"IOTHUB_CLIENT_CONFIRMATION_OK"
247,10828210066,10828210095,1,"IOTHUB_CLIENT_CONFIRMATION_OK"
248,10828210399,10828210428,1,"IOTHUB_CLIENT_CONFIRMATION_OK"
249,10828210732,10828210764,1,"IOTHUB_CLIENT_CONFIRMATION_OK"
250,10828211065,10828211094,1,"IOTHUB_CLIENT_CONFIRMATION_OK"
251,10828211399,10828211426,1,"IOTHUB_CLIENT_CONFIRMATION_OK"
252,10828211732,10828211765,1,"IOTHUB_CLIENT_CONFIRMATION_OK"
253,10828212065,10828212093,1,"IOTHUB_CLIENT_CONFIRMATION_OK"
254,10828212398,10828212429,1,"IOTHUB_CLIENT_CONFIRMATION_OK"
255,10828212731,10828212758,1,"IOTHUB_CLIENT_CONFIRMATION_OK"
256,10828213064,10828213093,1,"IOTHUB_CLIENT_CONFIRMATION_OK"
257,10828213398,10828213460,1,"IOTHUB_CLIENT_CONFIRMATION_OK"
258,10828213731,10828213759,1,"IOTHUB_CLIENT_CONFIRMATION_OK"
259,10828214064,10828214097,1,"IOTHUB_CLIENT_CONFIRMATION_OK"
260,10828214397,10828214491,1,"IOTHUB_CLIENT_CONFIRMATION_OK"
261,10828214730,10828214768,1,"IOTHUB_CLIENT_CONFIRMATION_OK"
262,10828215063,10828215093,1,"IOTHUB_CLIENT_CONFIRMATION_OK"
263,10828215396,10828215425,1,"IOTHUB_CLIENT_CONFIRMATION_OK"
264,10828215730,10828215761,1,"IOTHUB_CLIENT_CONFIRMATION_OK"
265,10828216063,10828216092,1,"IOTHUB_CLIENT_CONFIRMATION_OK"
266,10828216396,10828216430,1,"IOTHUB_CLIENT_CONFIRMATION_OK"
267,10828216729,10828216763,1,"IOTHUB_CLIENT_CONFIRMATION_OK"
268,10828217062,10828217092,1,"IOTHUB_CLIENT_CONFIRMATION_OK"
269,10828217395,10828217423,1,"IOTHUB_CLIENT_CONFIRMATION_OK"
270,10828217729,10828217758,1,"IOTHUB_CLIENT_CONFIRMATION_OK"
271,10828218062,10828218090,1,"IOTHUB_CLIENT_CONFIRMATION_OK"
272,10828218395,10828218431,1,"IOTHUB_CLIENT_CONFIRMATION_OK"
273,10828218728,10828218756,1,"IOTHUB_CLIENT_CONFIRMATION_OK"
274,10828219061,10828219090,1,"IOTHUB_CLIENT_CONFIRMATION_OK"
275,10828219394,10828219422,1,"IOTHUB_CLIENT_CONFIRMATION_OK"
276,10828219728,10828219759,1,"IOTHUB_CLIENT_CONFIRMATION_OK"
277,10828220061,10828220089,1,"IOTHUB_CLIENT_CONFIRMATION_OK"
278,10828220394,10828220422,1,"IOTHUB_CLIENT_CONFIRMATION_OK"
279,10828220727,10828220757,1,"IOTHUB_CLIENT_CONFIRMATION_OK"
280,10828221060,10828221088,1,"IOTHUB_CLIENT_CONFIRMATION_OK"
281,10828221393,10828221459,1,"IOTHUB_CLIENT_CONFIRMATION_OK"
282,10828221726,10828221758,1,"IOTHUB_CLIENT_CONFIRMATION_OK"
283,10828222060,10828222091,1,"IOTHUB_CLIENT_CONFIRMATION_OK"
284,10828222393,10828222422,1,"IOTHUB_CLIENT_CONFIRMATION_OK"
285,10828222726,10828222755,1,"IOTHUB_CLIENT_CONFIRMATION_OK"
286,10828223059,10828223118,1,"IOTHUB_CLIENT_CONFIRMATION_OK"
287,10828223392,10828223422,1,"IOTHUB_CLIENT_CONFIRMATION_OK"
288,10828223725,10828223753,1,"IOTHUB_CLIENT_CONFIRMATION_OK"
289,10828224059,10828224087,1,"IOTHUB_CLIENT_CONFIRMATION_OK"
290,10828224392,10828224420,1,"IOTHUB_CLIENT_CONFIRMATION_OK"
291,10828224725,10828224756,1,"IOTHUB_CLIENT_CONFIRMATION_OK"
292,10828225058,10828225087,1,"IOTHUB_CLIENT_CONFIRMATION_OK"
293,10828225391,10828225420,1,"IOTHUB_CLIENT_CONFIRMATION_OK"
294,10828225724,10828225754,1,"IOTHUB_CLIENT_CONFIRMATION_OK"
295,10828226058,10828226150,1,"IOTHUB_CLIENT_CONFIRMATION_OK"
296,10828226391,10828226420,1,"IOTHUB_CLIENT_CONFIRMATION_OK"
297,10828226724,10828226753,1,"IOTHUB_CLIENT_CONFIRMATION_OK"
298,10828227057,10828227085,1,"IOTHUB_CLIENT_CONFIRMATION_OK"
299,10828227390,10828227419,1,"IOTHUB_CLIENT_CONFIRMATION_OK"
300,10828227723,10828227753,1,"IOTHUB_CLIENT_CONFIRMATION_OK"
301,10828228057,10828228111,1,"IOTHUB_CLIENT_CONFIRMATION_OK"
302,10828228390,10828228422,1,"IOTHUB_CLIENT_CONFIRMATION_OK"
303,10828228723,10828228756,1,"IOTHUB_CLIENT_CONFIRMATION_OK"
304,10828229056,10828229084,1,"IOTHUB_CLIENT_CONFIRMATION_OK"
305,10828229389,10828229417,1,"IOTHUB_CLIENT_CONFIRMATION_OK"
306,10828229722,10828229824,1,"IOTHUB_CLIENT_CONFIRMATION_OK"
307,10828230055,10828230088,1,"IOTHUB_CLIENT_CONFIRMATION_OK"
308,10828230389,10828230417,1,"IOTHUB_CLIENT_CONFIRMATION_OK"
309,10828230722,10828230835,1,"IOTHUB_CLIENT_CONFIRMATION_OK"
310,10828231055,10828231084,1,"IOTHUB_CLIENT_CONFIRMATION_OK"
311,10828231388,10828231430,1,"IOTHUB_CLIENT_CONFIRMATION_OK"
312,10828231721,10828231750,1,"IOTHUB_CLIENT_CONFIRMATION_OK"
313,10828232054,10828232084,1,"IOTHUB_CLIENT_CONFIRMATION_OK"
314,10828232388,10828232433,1,"IOTHUB_CLIENT_CONFIRMATION_OK"
315,10828232721,10828232752,1,"IOTHUB_CLIENT_CONFIRMATION_OK"
316,10828233054,10828233082,1,"IOTHUB_CLIENT_CONFIRMATION_OK"
317,10828233387,10828233415,1,"IOTHUB_CLIENT_CONFIRMATION_OK"
318,10828233720,10828233748,1,"IOTHUB_CLIENT_CONFIRMATION_OK"
319,10828234053,10828234081,1,"IOTHUB_CLIENT_CONFIRMATION_OK"
320,10828234387,10828234414,1,"IOTHUB_CLIENT_CONFIRMATION_OK"
321,10828234720,10828234749,1,"IOTHUB_CLIENT_CONFIRMATION_OK"
322,10828235053,10828235089,1,"IOTHUB_CLIENT_CONFIRMATION_OK"
323,10828235386,10828235533,1,"IOTHUB_CLIENT_CONFIRMATION_OK"
324,10828235719,10828235752,1,"IOTHUB_CLIENT_CONFIRMATION_OK"
325,10828236052,10828236080,1,"IOTHUB_CLIENT_CONFIRMATION_OK"
326,10828236386,10828236414,1,"IOTHUB_CLIENT_CONFIRMATION_OK"
327,10828236719,10828236750,1,"IOTHUB_CLIENT_CONFIRMATION_OK"
328,10828237052,10828237080,1,"IOTHUB_CLIENT_CONFIRMATION_OK"
329,10828237385,10828237423,1,"IOTHUB_CLIENT_CONFIRMATION_OK"
330,10828237718,10828237786,1,"IOTHUB_CLIENT_CONFIRMATION_OK"
331,10828238051,10828238080,1,"IOTHUB_CLIENT_CONFIRMATION_OK"
332,10828238384,10828238412,1,"IOTHUB_CLIENT_CONFIRMATION_OK"
333,10828238718,10828238746,1,"IOTHUB_CLIENT_CONFIRMATION_OK"
334,10828239051,10828239145,1,"IOTHUB_CLIENT_CONFIRMATION_OK"
335,10828239384,10828239424,1,"IOTHUB_CLIENT_CONFIRMATION_OK"
336,10828239717,10828239746,1,"IOTHUB_CLIENT_CONFIRMATION_OK"
337,10828240050,10828240241,1,"IOTHUB_CLIENT_CONFIRMATION_OK"
338,10828240383,10828240414,1,"IOTHUB_CLIENT_CONFIRMATION_OK"
339,10828240717,10828240745,1,"IOTHUB_CLIENT_CONFIRMATION_OK"
340,10828241050,10828241084,1,"IOTHUB_CLIENT_CONFIRMATION_OK"
341,10828241383,10828241411,1,"IOTHUB_CLIENT_CONFIRMATION_OK"
342,10828241716,10828241745,1,"IOTHUB_CLIENT_CONFIRMATION_OK"
343,10828242049,10828242080,1,"IOTHUB_CLIENT_CONFIRMATION_OK"
344,10828242382,10828242492,1,"IOTHUB_CLIENT_CONFIRMATION_OK"
345,10828242715,10828242744,1,"IOTHUB_CLIENT_CONFIRMATION_OK"
346,10828243049,10828243078,1,"IOTHUB_CLIENT_CONFIRMATION_OK"
347,10828243382,10828243449,1,"IOTHUB_CLIENT_CONFIRMATION_OK"
348,10828243715,10828243743,1,"IOTHUB_CLIENT_CONFIRMATION_OK"
349,10828244048,10828244100,1,"IOTHUB_CLIENT_CONFIRMATION_OK"
350,10828244381,10828244410,1,"IOTHUB_CLIENT_CONFIRMATION_OK"
351,10828244714,10828244743,1,"IOTHUB_CLIENT_CONFIRMATION_OK"
352,10828245048,10828245076,1,"IOTHUB_CLIENT_CONFIRMATION_OK"
353,10828245381,10828245436,1,"IOTHUB_CLIENT_CONFIRMATION_OK"
354,10828245714,10828245742,1,"IOTHUB_CLIENT_CONFIRMATION_OK"
355,10828246047,10828246085,1,"IOTHUB_CLIENT_CONFIRMATION_OK"
356,10828246380,10828246408,1,"IOTHUB_CLIENT_CONFIRMATION_OK"
357,10828246713,10828246743,1,"IOTHUB_CLIENT_CONFIRMATION_OK"
358,10828247047,10828247120,1,"IOTHUB_CLIENT_CONFIRMATION_OK"
359,10828247380,10828247429,1,"IOTHUB_CLIENT_CONFIRMATION_OK"
360,10828247713,10828247746,1,"IOTHUB_CLIENT_CONFIRMATION_OK"
361,10828248046,10828248121,1,"IOTHUB_CLIENT_CONFIRMATION_OK"
362,10828248379,10828248414,1,"IOTHUB_CLIENT_CONFIRMATION_OK"
363,10828248712,10828248740,1,"IOTHUB_CLIENT_CONFIRMATION_OK"
364,10828249046,10828249075,1,"IOTHUB_CLIENT_CONFIRMATION_OK"
365,10828249379,10828249447,1,"IOTHUB_CLIENT_CONFIRMATION_OK"
366,10828249712,10828249742,1,"IOTHUB_CLIENT_CONFIRMATION_OK"
367,10828250045,10828250075,1,"IOTHUB_CLIENT_CONFIRMATION_OK"
368,10828250378,10828250407,1,"IOTHUB_CLIENT_CONFIRMATION_OK"
369,10828250711,10828250739,1,"IOTHUB_CLIENT_CONFIRMATION_OK"
370,10828251045,10828251077,1,"IOTHUB_CLIENT_CONFIRMATION_OK"
371,10828251378,10828251406,1,"IOTHUB_CLIENT_CONFIRMATION_OK"
372,10828251711,10828251740,1,"IOTHUB_CLIENT_CONFIRMATION_OK"
373,10828252044,10828252073,1,"IOTHUB_CLIENT_CONFIRMATION_OK"
374,10828252377,10828252405,1,"IOTHUB_CLIENT_CONFIRMATION_OK"
375,10828252710,10828252740,1,"IOTHUB_CLIENT_CONFIRMATION_OK"
376,10828253044,10828253079,1,"IOTHUB_CLIENT_CONFIRMATION_OK"
377,10828253377,10828253406,1,"IOTHUB_CLIENT_CONFIRMATION_OK"
378,10828253710,10828253738,1,"IOTHUB_CLIENT_CONFIRMATION_OK"
379,10828254043,10828254097,1,"IOTHUB_CLIENT_CONFIRMATION_OK"
380,10828254376,10828254404,1,"IOTHUB_CLIENT_CONFIRMATION_OK"
381,10828254709,10828254737,1,"IOTHUB_CLIENT_CONFIRMATION_OK"
382,10828255043,10828255072,1,"IOTHUB_CLIENT_CONFIRMATION_OK"
383,10828255376,10828255404,1,"IOTHUB_CLIENT_CONFIRMATION_OK"
384,10828255709,10828255745,1,"IOTHUB_CLIENT_CONFIRMATION_OK"
385,10828256042,10828256089,1,"IOTHUB_CLIENT_CONFIRMATION_OK"
386,10828256375,10828256404,1,"IOTHUB_CLIENT_CONFIRMATION_OK"
387,10828256708,10828256736,1,"IOTHUB_CLIENT_CONFIRMATION_OK"
388,10828257042,10828257071,1,"IOTHUB_CLIENT_CONFIRMATION_OK"
389,10828257375,10828257403,1,"IOTHUB_CLIENT_CONFIRMATION_OK"
390,10828257708,10828257744,1,"IOTHUB_CLIENT_CONFIRMATION_OK"
391,10828258041,10828258085,1,"IOTHUB_CLIENT_CONFIRMATION_OK"
392,10828258374,10828258403,1,"IOTHUB_CLIENT_CONFIRMATION_OK"
393,10828258707,10828258736,1,"IOTHUB_CLIENT_CONFIRMATION_OK"
394,10828259041,10828259079,1,"IOTHUB_CLIENT_CONFIRMATION_OK"
395,10828259374,10828259403,1,"IOTHUB_CLIENT_CONFIRMATION_OK"
396,10828259707,10828259747,1,"IOTHUB_CLIENT_CONFIRMATION_OK"
397,10828260040,10828260085,1,"IOTHUB_CLIENT_CONFIRMATION_OK"
398,10828260373,10828260401,1,"IOTHUB_CLIENT_CONFIRMATION_OK"
399,10828260706,10828260736,1,"IOTHUB_CLIENT_CONFIRMATION_OK"
400,10828261040,10828261068,1,"IOTHUB_CLIENT_CONFIRMATION_OK"
401,10828261373,10828261405,1,"IOTHUB_CLIENT_CONFIRMATION_OK"
402,10828261706,10828261734,1,"IOTHUB_CLIENT_CONFIRMATION_OK"
403,10828262039,10828262067,1,"IOTHUB_CLIENT_CONFIRMATION_OK"
404,10828262372,10828262401,1,"IOTHUB_CLIENT_CONFIRMATION_OK"
405,10828262705,10828262749,1,"IOTHUB_CLIENT_CONFIRMATION_OK"
406,10828263038,10828263068,1,"IOTHUB_CLIENT_CONFIRMATION_OK"
407,10828263372,10828263401,1,"IOTHUB_CLIENT_CONFIRMATION_OK"
408,10828263705,10828263733,1,"IOTHUB_CLIENT_CONFIRMATION_OK"
409,10828264038,10828264066,1,"IOTHUB_CLIENT_CONFIRMATION_OK"
410,10828264371,10828264422,1,"IOTHUB_CLIENT_CONFIRMATION_OK"
411,10828264704,10828264733,1,"IOTHUB_CLIENT_CONFIRMATION_OK"
412,10828265037,10828265068,1,"IOTHUB_CLIENT_CONFIRMATION_OK"
413,10828265371,10828265399,1,"IOTHUB_CLIENT_CONFIRMATION_OK"
414,10828265704,10828265733,1,"IOTHUB_CLIENT_CONFIRMATION_OK"
415,10828266037,10828266065,1,"IOTHUB_CLIENT_CONFIRMATION_OK"
416,10828266370,10828266399,1,"IOTHUB_CLIENT_CONFIRMATION_OK"
417,10828266703,10828266731,1,"IOTHUB_CLIENT_CONFIRMATION_OK"
418,10828267036,10828267076,1,"IOTHUB_CLIENT_CONFIRMATION_OK"
419,10828267370,10828267496,1,"IOTHUB_CLIENT_CONFIRMATION_OK"
420,10828267703,10828267737,1,"IOTHUB_CLIENT_CONFIRMATION_OK"
421,10828268036,10828268083,1,"IOTHUB_CLIENT_CONFIRMATION_OK"
422,10828268369,10828268401,1,"IOTHUB_CLIENT_CONFIRMATION_OK"
423,10828268702,10828268731,1,"IOTHUB_CLIENT_CONFIRMATION_OK"
424,10828269035,10828269066,1,"IOTHUB_CLIENT_CONFIRMATION_OK"
425,10828269369,10828269397,1,"IOTHUB_CLIENT_CONFIRMATION_OK"
426,10828269702,10828269743,1,"IOTHUB_CLIENT_CONFIRMATION_OK"
427,10828270035,10828270063,1,"IOTHUB_CLIENT_CONFIRMATION_OK"
428,10828270368,10828270396,1,"IOTHUB_CLIENT_CONFIRMATION_OK"
429,10828270701,10828270730,1,"IOTHUB_CLIENT_CONFIRMATION_OK"
430,10828271034,10828271062,1,"IOTHUB_CLIENT_CONFIRMATION_OK"
431,10828271368,10828271417,1,"IOTHUB_CLIENT_CONFIRMATION_OK"
432,10828271701,10828271730,1,"IOTHUB_CLIENT_CONFIRMATION_OK"
433,10828272034,10828272065,1,"IOTHUB_CLIENT_CONFIRMATION_OK"
434,10828272367,10828272396,1,"IOTHUB_CLIENT_CONFIRMATION_OK"
435,10828272700,10828272730,1,"IOTHUB_CLIENT_CONFIRMATION_OK"
436,10828273033,10828273063,1,"IOTHUB_CLIENT_CONFIRMATION_OK"
437,10828273367,10828273395,1,"IOTHUB_CLIENT_CONFIRMATION_OK"
438,10828273700,10828273729,1,"IOTHUB_CLIENT_CONFIRMATION_OK"
439,10828274033,10828274077,1,"IOTHUB_CLIENT_CONFIRMATION_OK"
440,10828274366,10828274470,1,"IOTHUB_CLIENT_CONFIRMATION_OK"
441,10828274699,10828274729,1,"IOTHUB_CLIENT_CONFIRMATION_OK"
442,10828275032,10828275060,1,"IOTHUB_CLIENT_CONFIRMATION_OK"
443,10828275366,10828275395,1,"IOTHUB_CLIENT_CONFIRMATION_OK"
444,10828275699,10828275823,1,"IOTHUB_CLIENT_CONFIRMATION_OK"
445,10828276032,10828276061,1,"IOTHUB_CLIENT_CONFIRMATION_OK"
446,10828276365,10828276396,1,"IOTHUB_CLIENT_CONFIRMATION_OK"
447,10828276698,10828276911,1,"IOTHUB_CLIENT_CONFIRMATION_OK"
448,10828277031,10828277059,1,"IOTHUB_CLIENT_CONFIRMATION_OK"
449,10828277365,10828277394,1,"IOTHUB_CLIENT_CONFIRMATION_OK"
450,10828277698,10828277726,1,"IOTHUB_CLIENT_CONFIRMATION_OK"
451,10828278031,10828278062,1,"IOTHUB_CLIENT_CONFIRMATION_OK"
452,10828278364,10828278395,1,"IOTHUB_CLIENT_CONFIRMATION_OK"
453,10828278697,10828278726,1,"IOTHUB_CLIENT_CONFIRMATION_OK"
454,10828279030,10828279154,1,"IOTHUB_CLIENT_CONFIRMATION_OK"
455,10828279364,10828279392,1,"IOTHUB_CLIENT_CONFIRMATION_OK"
456,10828279697,10828279742,1,"IOTHUB_CLIENT_CONFIRMATION_OK"
457,10828280030,10828280058,1,"IOTHUB_CLIENT_CONFIRMATION_OK"
458,10828280363,10828280392,1,"IOTHUB_CLIENT_CONFIRMATION_OK"
459,10828280696,10828280723,1,"IOTHUB_CLIENT_CONFIRMATION_OK"
460,10828281029,10828281061,1,"IOTHUB_CLIENT_CONFIRMATION_OK"
461,10828281363,10828281434,1,"IOTHUB_CLIENT_CONFIRMATION_OK"
462,10828281696,10828281723,1,"IOTHUB_CLIENT_CONFIRMATION_OK"
463,10828282029,10828282058,1,"IOTHUB_CLIENT_CONFIRMATION_OK"
464,10828282362,10828282432,1,"IOTHUB_CLIENT_CONFIRMATION_OK"
465,10828282695,10828282734,1,"IOTHUB_CLIENT_CONFIRMATION_OK"
466,10828283028,10828283077,1,"IOTHUB_CLIENT_CONFIRMATION_OK"
467,10828283361,10828283396,1,"IOTHUB_CLIENT_CONFIRMATION_OK"
468,10828283695,10828283879,1,"IOTHUB_CLIENT_CONFIRMATION_OK"
469,10828284028,10828284096,1,"IOTHUB_CLIENT_CONFIRMATION_OK"
470,10828284361,10828284401,1,"IOTHUB_CLIENT_CONFIRMATION_OK"
471,10828284694,10828284723,1,"IOTHUB_CLIENT_CONFIRMATION_OK"
472,10828285027,10828285054,1,"IOTHUB_CLIENT_CONFIRMATION_OK"
473,10828285360,10828285399,1,"IOTHUB_CLIENT_CONFIRMATION_OK"
474,10828285694,10828285723,1,"IOTHUB_CLIENT_CONFIRMATION_OK"
475,10828286027,10828286122,1,"IOTHUB_CLIENT_CONFIRMATION_OK"
476,10828286360,10828286391,1,"IOTHUB_CLIENT_CONFIRMATION_OK"
477,10828286693,10828286730,1,"IOTHUB_CLIENT_CONFIRMATION_OK"
478,10828287026,10828287054,1,"IOTHUB_CLIENT_CONFIRMATION_OK"
479,10828287359,10828287414,1,"IOTHUB_CLIENT_CONFIRMATION_OK"
480,10828287693,10828287736,1,"IOTHUB_CLIENT_CONFIRMATION_OK"
481,10828288026,10828288064,1,"IOTHUB_CLIENT_CONFIRMATION_OK"
482,10828288359,10828288590,1,"IOTHUB_CLIENT_CONFIRMATION_OK"
483,10828288692,10828288722,1,"IOTHUB_CLIENT_CONFIRMATION_OK"
484,10828289025,10828289054,1,"IOTHUB_CLIENT_CONFIRMATION_OK"
485,10828289358,10828289385,1,"IOTHUB_CLIENT_CONFIRMATION_OK"
486,10828289691,10828289726,1,"IOTHUB_CLIENT_CONFIRMATION_OK"
487,10828290025,10828290052,1,"IOTHUB_CLIENT_CONFIRMATION_OK"
488,10828290358,10828290390,1,"IOTHUB_CLIENT_CONFIRMATION_OK"
489,10828290691,10828290827,1,"IOTHUB_CLIENT_CONFIRMATION_OK"
490,10828291024,10828291070,1,"IOTHUB_CLIENT_CONFIRMATION_OK"
491,10828291357,10828291452,1,"IOTHUB_CLIENT_CONFIRMATION_OK"
492,10828291690,10828291718,1,"IOTHUB_CLIENT_CONFIRMATION_OK"
493,10828292024,10828292052,1,"IOTHUB_CLIENT_CONFIRMATION_OK"
494,10828292357,10828292396,1,"IOTHUB_CLIENT_CONFIRMATION_OK"
495,10828292690,10828292721,1,"IOTHUB_CLIENT_CONFIRMATION_OK"
496,10828293023,10828293082,1,"IOTHUB_CLIENT_CONFIRMATION_OK"
497,10828293356,10828293384,1,"IOTHUB_CLIENT_CONFIRMATION_OK"
498,10828293689,10828293717,1,"IOTHUB_CLIENT_CONFIRMATION_OK"
499,10828294022,10828294051,1,"IOTHUB_CLIENT_CONFIRMATION_OK"
500,10828294356,10828294386,1,"IOTHUB_CLIENT_CONFIRMATION_OK"
501,10828294689,10828294764,1,"IOTHUB_CLIENT_CONFIRMATION_OK"
502,10828295022,10828295052,1,"IOTHUB_CLIENT_CONFIRMATION_OK"
503,10828295355,10828295501,1,"IOTHUB_CLIENT_CONFIRMATION_OK"
504,10828295688,10828295718,1,"IOTHUB_CLIENT_CONFIRMATION_OK"
505,10828296021,10828296050,1,"IOTHUB_CLIENT_CONFIRMATION_OK"
506,10828296355,10828296383,1,"IOTHUB_CLIENT_CONFIRMATION_OK"
507,10828296688,10828296717,1,"IOTHUB_CLIENT_CONFIRMATION_OK"
508,10828297021,10828297049,1,"IOTHUB_CLIENT_CONFIRMATION_OK"
509,10828297354,10828297382,1,"IOTHUB_CLIENT_CONFIRMATION_OK"
510,10828297687,10828297756,1,"IOTHUB_CLIENT_CONFIRMATION_OK"
511,10828298020,10828298052,1,"IOTHUB_CLIENT_CONFIRMATION_OK"
512,10828298354,10828298381,1,"IOTHUB_CLIENT_CONFIRMATION_OK"
513,10828298687,10828298722,1,"IOTHUB_CLIENT_CONFIRMATION_OK"
514,10828299020,10828299078,1,"IOTHUB_CLIENT_CONFIRMATION_OK"
515,10828299353,10828299381,1,"IOTHUB_CLIENT_CONFIRMATION_OK"
516,10828299686,10828299714,1,"IOTHUB_CLIENT_CONFIRMATION_OK"
517,10828300019,10828300187,1,"IOTHUB_CLIENT_CONFIRMATION_OK"
518,10828300353,10828300398,1,"IOTHUB_CLIENT_CONFIRMATION_OK"
519,10828300686,10828300714,1,"IOTHUB_CLIENT_CONFIRMATION_OK"
520,10828301019,10828301049,1,"IOTHUB_CLIENT_CONFIRMATION_OK"
521,10828301352,10828301389,1,"IOTHUB_CLIENT_CONFIRMATION_OK"
522,10828301685,10828301713,1,"IOTHUB_CLIENT_CONFIRMATION_OK"
523,10828302018,10828302049,1,"IOTHUB_CLIENT_CONFIRMATION_OK"
524,10828302351,10828302419,1,"IOTHUB_CLIENT_CONFIRMATION_OK"
525,10828302685,10828302743,1,"IOTHUB_CLIENT_CONFIRMATION_OK"
526,10828303018,10828303047,1,"IOTHUB_CLIENT_CONFIRMATION_OK"
527,10828303351,10828303380,1,"IOTHUB_CLIENT_CONFIRMATION_OK"
528,10828303684,10828303717,1,"IOTHUB_CLIENT_CONFIRMATION_OK"
529,10828304017,10828304052,1,"IOTHUB_CLIENT_CONFIRMATION_OK"
530,10828304350,10828304379,1,"IOTHUB_CLIENT_CONFIRMATION_OK"
531,10828304684,10828304881,1,"IOTHUB_CLIENT_CONFIRMATION_OK"
532,10828305017,10828305045,1,"IOTHUB_CLIENT_CONFIRMATION_OK"
533,10828305350,10828305382,1,"IOTHUB_CLIENT_CONFIRMATION_OK"
534,10828305683,10828305712,1,"IOTHUB_CLIENT_CONFIRMATION_OK"
535,10828306016,10828306045,1,"IOTHUB_CLIENT_CONFIRMATION_OK"
536,10828306349,10828306379,1,"IOTHUB_CLIENT_CONFIRMATION_OK"
537,10828306683,10828306727,1,"IOTHUB_CLIENT_CONFIRMATION_OK"
538,10828307016,10828307118,1,"IOTHUB_CLIENT_CONFIRMATION_OK"
539,10828307349,10828307377,1,"IOTHUB_CLIENT_CONFIRMATION_OK"
540,10828307682,10828307712,1,"IOTHUB_CLIENT_CONFIRMATION_OK"
541,10828308015,10828308044,1,"IOTHUB_CLIENT_CONFIRMATION_OK"
542,10828308348,10828308377,1,"IOTHUB_CLIENT_CONFIRMATION_OK"
543,10828308682,10828308736,1,"IOTHUB_CLIENT_CONFIRMATION_OK"
544,10828309015,10828309042,1,"IOTHUB_CLIENT_CONFIRMATION_OK"
545,10828309348,10828309377,1,"IOTHUB_CLIENT_CONFIRMATION_OK"
546,10828309681,10828309712,1,"IOTHUB_CLIENT_CONFIRMATION_OK"
547,10828310014,10828310044,1,"IOTHUB_CLIENT_CONFIRMATION_OK"
548,10828310347,10828310378,1,"IOTHUB_CLIENT_CONFIRMATION_OK"
549,10828310680,10828310713,1,"IOTHUB_CLIENT_CONFIRMATION_OK"
550,10828311014,10828311042,1,"IOTHUB_CLIENT_CONFIRMATION_OK"
551,10828311347,10828311377,1,"IOTHUB_CLIENT_CONFIRMATION_OK"
552,10828311680,10828311708,1,"IOTHUB_CLIENT_CONFIRMATION_OK"
553,10828312013,10828312043,1,"IOTHUB_CLIENT_CONFIRMATION_OK"
554,10828312346,10828312376,1,"IOTHUB_CLIENT_CONFIRMATION_OK"
555,10828312679,10828312710,1,"IOTHUB_CLIENT_CONFIRMATION_OK"
556,10828313013,10828313039,1,"IOTHUB_CLIENT_CONFIRMATION_OK"
557,10828313346,10828313414,1,"IOTHUB_CLIENT_CONFIRMATION_OK"
558,10828313679,10828313708,1,"IOTHUB_CLIENT_CONFIRMATION_OK"
559,10828314012,10828314040,1,"IOTHUB_CLIENT_CONFIRMATION_OK"
560,10828314345,10828314373,1,"IOTHUB_CLIENT_CONFIRMATION_OK"
561,10828314678,10828314707,1,"IOTHUB_CLIENT_CONFIRMATION_OK"
562,10828315012,10828315048,1,"IOTHUB_CLIENT_CONFIRMATION_OK"
563,10828315345,10828315373,1,"IOTHUB_CLIENT_CONFIRMATION_OK"
564,10828315678,10828315708,1,"IOTHUB_CLIENT_CONFIRMATION_OK"
565,10828316011,10828316039,1,"IOTHUB_CLIENT_CONFIRMATION_OK"
566,10828316344,10828316373,1,"IOTHUB_CLIENT_CONFIRMATION_OK"
567,10828316677,10828316705,1,"IOTHUB_CLIENT_CONFIRMATION_OK"
568,10828317011,10828317040,1,"IOTHUB_CLIENT_CONFIRMATION_OK"
569,10828317344,10828317372,1,"IOTHUB_CLIENT_CONFIRMATION_OK"
570,10828317677,10828317705,1,"IOTHUB_CLIENT_CONFIRMATION_OK"
571,10828318010,10828318088,1,"IOTHUB_CLIENT_CONFIRMATION_OK"
572,10828318343,10828318372,1,"IOTHUB_CLIENT_CONFIRMATION_OK"
573,10828318676,10828318705,1,"IOTHUB_CLIENT_CONFIRMATION_OK"
574,10828319009,10828319050,1,"IOTHUB_CLIENT_CONFIRMATION_OK"
575,10828319343,10828319373,1,"IOTHUB_CLIENT_CONFIRMATION_OK"
576,10828319676,10828319740,1,"IOTHUB_CLIENT_CONFIRMATION_OK"
577,10828320009,10828320037,1,"IOTHUB_CLIENT_CONFIRMATION_OK"
578,10828320342,10828320370,1,"IOTHUB_CLIENT_CONFIRMATION_OK"
579,10828320675,10828320703,1,"IOTHUB_CLIENT_CONFIRMATION_OK"
580,10828321008,10828321036,1,"IOTHUB_CLIENT_CONFIRMATION_OK"
581,10828321342,10828321370,1,"IOTHUB_CLIENT_CONFIRMATION_OK"
582,10828321675,10828321704,1,"IOTHUB_CLIENT_CONFIRMATION_OK"
583,10828322008,10828322036,1,"IOTHUB_CLIENT_CONFIRMATION_OK"
584,10828322341,10828322369,1,"IOTHUB_CLIENT_CONFIRMATION_OK"
585,10828322674,10828322765,1,"IOTHUB_CLIENT_CONFIRMATION_OK"
586,10828323007,10828323053,1,"IOTHUB_CLIENT_CONFIRMATION_OK"
587,10828323341,10828323368,1,"IOTHUB_CLIENT_CONFIRMATION_OK"
588,10828323674,10828323702,1,"IOTHUB_CLIENT_CONFIRMATION_OK"
589,10828324007,10828324036,1,"IOTHUB_CLIENT_CONFIRMATION_OK"
590,10828324340,10828324369,1,"IOTHUB_CLIENT_CONFIRMATION_OK"
591,10828324673,10828324704,1,"IOTHUB_CLIENT_CONFIRMATION_OK"
592,10828325006,10828325035,1,"IOTHUB_CLIENT_CONFIRMATION_OK"
593,10828325340,10828325369,1,"IOTHUB_CLIENT_CONFIRMATION_OK"
594,10828325673,10828325700,1,"IOTHUB_CLIENT_CONFIRMATION_OK"
595,10828326006,10828326035,1,"IOTHUB_CLIENT_CONFIRMATION_OK"
596,10828326339,10828326375,1,"IOTHUB_CLIENT_CONFIRMATION_OK"
597,10828326672,10828326700,1,"IOTHUB_CLIENT_CONFIRMATION_OK"
598,10828327005,10828327036,1,"IOTHUB_CLIENT_CONFIRMATION_OK"
599,10828327339,10828327429,1,"IOTHUB_CLIENT_CONFIRMATION_OK"
600,10828327672,10828327700,1,"IOTHUB_CLIENT_CONFIRMATION_OK"
601,10828328005,10828328033,1,"IOTHUB_CLIENT_CONFIRMATION_OK"
602,10828328338,10828328368,1,"IOTHUB_CLIENT_CONFIRMATION_OK"
603,10828328671,10828328702,1,"IOTHUB_CLIENT_CONFIRMATION_OK"
604,10828329004,10828329032,1,"IOTHUB_CLIENT_CONFIRMATION_OK"
605,10828329337,10828329366,1,"IOTHUB_CLIENT_CONFIRMATION_OK"
606,10828329671,10828329700,1,"IOTHUB_CLIENT_CONFIRMATION_OK"
607,10828330004,10828330032,1,"IOTHUB_CLIENT_CONFIRMATION_OK"
608,10828330337,10828330364,1,"IOTHUB_CLIENT_CONFIRMATION_OK"
609,10828330670,10828330699,1,"IOTHUB_CLIENT_CONFIRMATION_OK"
610,10828331003,10828331034,1,"IOTHUB_CLIENT_CONFIRMATION_OK"
611,10828331336,10828331365,1,"IOTHUB_CLIENT_CONFIRMATION_OK"
612,10828331670,10828331701,1,"IOTHUB_CLIENT_CONFIRMATION_OK"
613,10828332003,10828332120,1,"IOTHUB_CLIENT_CONFIRMATION_OK"
614,10828332336,10828332366,1,"IOTHUB_CLIENT_CONFIRMATION_OK"
615,10828332669,10828332699,1,"IOTHUB_CLIENT_CONFIRMATION_OK"
616,10828333002,10828333031,1,"IOTHUB_CLIENT_CONFIRMATION_OK"
617,10828333335,10828333363,1,"IOTHUB_CLIENT_CONFIRMATION_OK"
618,10828333668,10828333696,1,"IOTHUB_CLIENT_CONFIRMATION_OK"
619,10828334002,10828334030,1,"IOTHUB_CLIENT_CONFIRMATION_OK"
620,10828334335,10828334437,1,"IOTHUB_CLIENT_CONFIRMATION_OK"
621,10828334668,10828334721,1,"IOTHUB_CLIENT_CONFIRMATION_OK"
622,10828335001,10828335031,1,"IOTHUB_CLIENT_CONFIRMATION_OK"
623,10828335334,10828335367,1,"IOTHUB_CLIENT_CONFIRMATION_OK"
624,10828335667,10828335699,1,"IOTHUB_CLIENT_CONFIRMATION_OK"
625,10828336001,10828336028,1,"IOTHUB_CLIENT_CONFIRMATION_OK"
626,10828336334,10828336369,1,"IOTHUB_CLIENT_CONFIRMATION_OK"
627,10828336667,10828336695,1,"IOTHUB_CLIENT_CONFIRMATION_OK"
628,10828337000,10828337030,1,"IOTHUB_CLIENT_CONFIRMATION_OK"
629,10828337333,10828337364,1,"IOTHUB_CLIENT_CONFIRMATION_OK"
630,10828337666,10828337699,1,"IOTHUB_CLIENT_CONFIRMATION_OK"
631,10828338000,10828338030,1,"IOTHUB_CLIENT_CONFIRMATION_OK"
632,10828338333,10828338362,1,"IOTHUB_CLIENT_CONFIRMATION_OK"
633,10828338666,10828338694,1,"IOTHUB_CLIENT_CONFIRMATION_OK"
634,10828338999,10828339117,1,"IOTHUB_CLIENT_CONFIRMATION_OK"
635,10828339332,10828339367,1,"IOTHUB_CLIENT_CONFIRMATION_OK"
636,10828339665,10828339693,1,"IOTHUB_CLIENT_CONFIRMATION_OK"
637,10828339999,10828340027,1,"IOTHUB_CLIENT_CONFIRMATION_OK"
638,10828340332,10828340361,1,"IOTHUB_CLIENT_CONFIRMATION_OK"
639,10828340665,10828340695,1,"IOTHUB_CLIENT_CONFIRMATION_OK"
640,10828340998,10828341028,1,"IOTHUB_CLIENT_CONFIRMATION_OK"
641,10828341331,10828341361,1,"IOTHUB_CLIENT_CONFIRMATION_OK"
642,10828341664,10828341696,1,"IOTHUB_CLIENT_CONFIRMATION_OK"
643,10828341998,10828342030,1,"IOTHUB_CLIENT_CONFIRMATION_OK"
644,10828342331,10828342360,1,"IOTHUB_CLIENT_CONFIRMATION_OK"
645,10828342664,10828342702,1,"IOTHUB_CLIENT_CONFIRMATION_OK"
646,10828342997,10828343025,1,"IOTHUB_CLIENT_CONFIRMATION_OK"
647,10828343330,10828343375,1,"IOTHUB_CLIENT_CONFIRMATION_OK"
648,10828343663,10828343789,1,"IOTHUB_CLIENT_CONFIRMATION_OK"
649,10828343997,10828344025,1,"IOTHUB_CLIENT_CONFIRMATION_OK"
650,10828344330,10828344366,1,"IOTHUB_CLIENT_CONFIRMATION_OK"
651,10828344663,10828344691,1,"IOTHUB_CLIENT_CONFIRMATION_OK"
652,10828344996,10828345025,1,"IOTHUB_CLIENT_CONFIRMATION_OK"
653,10828345329,10828345357,1,"IOTHUB_CLIENT_CONFIRMATION_OK"
654,10828345662,10828345691,1,"IOTHUB_CLIENT_CONFIRMATION_OK"
655,10828345996,10828346025,1,"IOTHUB_CLIENT_CONFIRMATION_OK"
656,10828346329,10828346357,1,"IOTHUB_CLIENT_CONFIRMATION_OK"
657,10828346662,10828346691,1,"IOTHUB_CLIENT_CONFIRMATION_OK"
658,10828346995,10828347023,1,"IOTHUB_CLIENT_CONFIRMATION_OK"
659,10828347328,10828347357,1,"IOTHUB_CLIENT_CONFIRMATION_OK"
660,10828347661,10828347819,1,"IOTHUB_CLIENT_CONFIRMATION_OK"
661,10828347994,10828348022,1,"IOTHUB_CLIENT_CONFIRMATION_OK"
662,10828348328,10828348397,1,"IOTHUB_CLIENT_CONFIRMATION_OK"
663,10828348661,10828348694,1,"IOTHUB_CLIENT_CONFIRMATION_OK"
664,10828348994,10828349022,1,"IOTHUB_CLIENT_CONFIRMATION_OK"
665,10828349327,10828349355,1,"IOTHUB_CLIENT_CONFIRMATION_OK"
666,10828349660,10828349689,1,"IOTHUB_CLIENT_CONFIRMATION_OK"
667,10828349993,10828350024,1,"IOTHUB_CLIENT_CONFIRMATION_OK"
668,10828350327,10828350359,1,"IOTHUB_CLIENT_CONFIRMATION_OK"
669,10828350660,10828350840,1,"IOTHUB_CLIENT_CONFIRMATION_OK"
670,10828350993,10828351021,1,"IOTHUB_CLIENT_CONFIRMATION_OK"
671,10828351326,10828351358,1,"IOTHUB_CLIENT_CONFIRMATION_OK"
672,10828351659,10828351686,1,"IOTHUB_CLIENT_CONFIRMATION_OK"
673,10828351992,10828352052,1,"IOTHUB_CLIENT_CONFIRMATION_OK"
674,10828352326,10828352354,1,"IOTHUB_CLIENT_CONFIRMATION_OK"
675,10828352659,10828352687,1,"IOTHUB_CLIENT_CONFIRMATION_OK"
676,10828352992,10828353020,1,"IOTHUB_CLIENT_CONFIRMATION_OK"
677,10828353325,10828353366,1,"IOTHUB_CLIENT_CONFIRMATION_OK"
678,10828353658,10828353685,1,"IOTHUB_CLIENT_CONFIRMATION_OK"
679,10828353991,10828354023,1,"IOTHUB_CLIENT_CONFIRMATION_OK"
680,10828354324,10828354356,1,"IOTHUB_CLIENT_CONFIRMATION_OK"
681,10828354658,10828354698,1,"IOTHUB_CLIENT_CONFIRMATION_OK"
682,10828354991,10828355019,1,"IOTHUB_CLIENT_CONFIRMATION_OK"
683,10828355324,10828355352,1,"IOTHUB_CLIENT_CONFIRMATION_OK"
684,10828355657,10828355684,1,"IOTHUB_CLIENT_CONFIRMATION_OK"
685,10828355990,10828356034,1,"IOTHUB_CLIENT_CONFIRMATION_OK"
686,10828356323,10828356351,1,"IOTHUB_CLIENT_CONFIRMATION_OK"
687,10828356657,10828356688,1,"IOTHUB_CLIENT_CONFIRMATION_OK"
688,10828356990,10828357017,1,"IOTHUB_CLIENT_CONFIRMATION_OK"
689,10828357323,10828357381,1,"IOTHUB_CLIENT_CONFIRMATION_OK"
690,10828357656,10828357684,1,"IOTHUB_CLIENT_CONFIRMATION_OK"
691,10828357989,10828358017,1,"IOTHUB_CLIENT_CONFIRMATION_OK"
692,10828358322,10828358351,1,"IOTHUB_CLIENT_CONFIRMATION_OK"
693,10828358655,10828358685,1,"IOTHUB_CLIENT_CONFIRMATION_OK"
694,10828358989,10828359017,1,"IOTHUB_CLIENT_CONFIRMATION_OK"
695,10828359322,10828359403,1,"IOTHUB_CLIENT_CONFIRMATION_OK"
696,10828359655,10828359717,1,"IOTHUB_CLIENT_CONFIRMATION_OK"
697,10828359988,10828360019,1,"IOTHUB_CLIENT_CONFIRMATION_OK"
698,10828360321,10828360363,1,"IOTHUB_CLIENT_CONFIRMATION_OK"
699,10828360654,10828360687,1,"IOTHUB_CLIENT_CONFIRMATION_OK"
700,10828360988,10828361017,1,"IOTHUB_CLIENT_CONFIRMATION_OK"
701,10828361321,10828361359,1,"IOTHUB_CLIENT_CONFIRMATION_OK"
702,10828361654,10828361692,1,"IOTHUB_CLIENT_CONFIRMATION_OK"
703,10828361987,10828362015,1,"IOTHUB_CLIENT_CONFIRMATION_OK"
704,10828362320,10828362350,1,"IOTHUB_CLIENT_CONFIRMATION_OK"
705,10828362653,10828362680,1,"IOTHUB_CLIENT_CONFIRMATION_OK"
706,10828362987,10828363014,1,"IOTHUB_CLIENT_CONFIRMATION_OK"
707,10828363320,10828363349,1,"IOTHUB_CLIENT_CONFIRMATION_OK"
708,10828363653,10828363682,1,"IOTHUB_CLIENT_CONFIRMATION_OK"
709,10828363986,10828364103,1,"IOTHUB_CLIENT_CONFIRMATION_OK"
710,10828364319,10828364358,1,"IOTHUB_CLIENT_CONFIRMATION_OK"
711,10828364652,10828364681,1,"IOTHUB_CLIENT_CONFIRMATION_OK"
712,10828364986,10828365015,1,"IOTHUB_CLIENT_CONFIRMATION_OK"
713,10828365319,10828365348,1,"IOTHUB_CLIENT_CONFIRMATION_OK"
714,10828365652,10828365680,1,"IOTHUB_CLIENT_CONFIRMATION_OK"
715,10828365985,10828366013,1,"IOTHUB_CLIENT_CONFIRMATION_OK"
716,10828366318,10828366354,1,"IOTHUB_CLIENT_CONFIRMATION_OK"
717,10828366651,10828366680,1,"IOTHUB_CLIENT_CONFIRMATION_OK"
718,10828366984,10828367013,1,"IOTHUB_CLIENT_CONFIRMATION_OK"
719,10828367318,10828367348,1,"IOTHUB_CLIENT_CONFIRMATION_OK"
720,10828367651,10828367679,1,"IOTHUB_CLIENT_CONFIRMATION_OK"
721,10828367984,10828368013,1,"IOTHUB_CLIENT_CONFIRMATION_OK"
722,10828368317,10828368345,1,"IOTHUB_CLIENT_CONFIRMATION_OK"
723,10828368650,10828368807,1,"IOTHUB_CLIENT_CONFIRMATION_OK"
724,10828368983,10828369011,1,"IOTHUB_CLIENT_CONFIRMATION_OK"
725,10828369317,10828369345,1,"IOTHUB_CLIENT_CONFIRMATION_OK"
726,10828369650,10828369679,1,"IOTHUB_CLIENT_CONFIRMATION_OK"
727,10828369983,10828370013,1,"IOTHUB_CLIENT_CONFIRMATION_OK"
728,10828370316,10828370344,1,"IOTHUB_CLIENT_CONFIRMATION_OK"
729,10828370649,10828370678,1,"IOTHUB_CLIENT_CONFIRMATION_OK"
730,10828370982,10828371041,1,"IOTHUB_CLIENT_CONFIRMATION_OK"
731,10828371316,10828371343,1,"IOTHUB_CLIENT_CONFIRMATION_OK"
732,10828371649,10828371678,1,"IOTHUB_CLIENT_CONFIRMATION_OK"
733,10828371982,10828372009,1,"IOTHUB_CLIENT_CONFIRMATION_OK"
734,10828372315,10828372344,1,"IOTHUB_CLIENT_CONFIRMATION_OK"
735,10828372648,10828372676,1,"IOTHUB_CLIENT_CONFIRMATION_OK"
736,10828372981,10828373010,1,"IOTHUB_CLIENT_CONFIRMATION_OK"
737,10828373314,10828373484,1,"IOTHUB_CLIENT_CONFIRMATION_OK"
738,10828373648,10828373677,1,"IOTHUB_CLIENT_CONFIRMATION_OK"
739,10828373981,10828374009,1,"IOTHUB_CLIENT_CONFIRMATION_OK"
740,10828374314,10828374343,1,"IOTHUB_CLIENT_CONFIRMATION_OK"
741,10828374647,10828374676,1,"IOTHUB_CLIENT_CONFIRMATION_OK"
742,10828374980,10828375008,1,"IOTHUB_CLIENT_CONFIRMATION_OK"
743,10828375314,10828375343,1,"IOTHUB_CLIENT_CONFIRMATION_OK"
744,10828375647,10828375718,1,"IOTHUB_CLIENT_CONFIRMATION_OK"
745,10828375980,10828376008,1,"IOTHUB_CLIENT_CONFIRMATION_OK"
746,10828376313,10828376341,1,"IOTHUB_CLIENT_CONFIRMATION_OK"
747,10828376646,10828376677,1,"IOTHUB_CLIENT_CONFIRMATION_OK"
748,10828376979,10828377010,1,"IOTHUB_CLIENT_CONFIRMATION_OK"
749,10828377312,10828377359,1,"IOTHUB_CLIENT_CONFIRMATION_OK"
750,10828377646,10828377673,1,"IOTHUB_CLIENT_CONFIRMATION_OK"
751,10828377979,10828378193,1,"IOTHUB_CLIENT_CONFIRMATION_OK"
752,10828378312,10828378341,1,"IOTHUB_CLIENT_CONFIRMATION_OK"
753,10828378645,10828378676,1,"IOTHUB_CLIENT_CONFIRMATION_OK"
754,10828378978,10828379005,1,"IOTHUB_CLIENT_CONFIRMATION_OK"
755,10828379311,10828379340,1,"IOTHUB_CLIENT_CONFIRMATION_OK"
756,10828379645,10828379676,1,"IOTHUB_CLIENT_CONFIRMATION_OK"
757,10828379978,10828380023,1,"IOTHUB_CLIENT_CONFIRMATION_OK"
758,10828380311,10828380419,1,"IOTHUB_CLIENT_CONFIRMATION_OK"
759,10828380644,10828380673,1,"IOTHUB_CLIENT_CONFIRMATION_OK"
760,10828380977,10828381004,1,"IOTHUB_CLIENT_CONFIRMATION_OK"
761,10828381310,10828381342,1,"IOTHUB_CLIENT_CONFIRMATION_OK"
762,10828381644,10828381673,1,"IOTHUB_CLIENT_CONFIRMATION_OK"
763,10828381977,10828382012,1,"IOTHUB_CLIENT_CONFIRMATION_OK"
764,10828382310,10828382338,1,"IOTHUB_CLIENT_CONFIRMATION_OK"
765,10828382643,10828382672,1,"IOTHUB_CLIENT_CONFIRMATION_OK"
766,10828382976,10828383005,1,"IOTHUB_CLIENT_CONFIRMATION_OK"
767,10828383309,10828383342,1,"IOTHUB_CLIENT_CONFIRMATION_OK"
768,10828383642,10828383671,1,"IOTHUB_CLIENT_CONFIRMATION_OK"
769,10828383976,10828384004,1,"IOTHUB_CLIENT_CONFIRMATION_OK"
770,10828384309,10828384338,1,"IOTHUB_CLIENT_CONFIRMATION_OK"
771,10828384642,10828384670,1,"IOTHUB_CLIENT_CONFIRMATION_OK"
772,10828384975,10828385110,1,"IOTHUB_CLIENT_CONFIRMATION_OK"
773,10828385308,10828385340,1,"IOTHUB_CLIENT_CONFIRMATION_OK"
774,10828385641,10828385670,1,"IOTHUB_CLIENT_CONFIRMATION_OK"
775,10828385975,10828386002,1,"IOTHUB_CLIENT_CONFIRMATION_OK"
776,10828386308,10828386336,1,"IOTHUB_CLIENT_CONFIRMATION_OK"
777,10828386641,10828386671,1,"IOTHUB_CLIENT_CONFIRMATION_OK"
778,10828386974,10828387002,1,"IOTHUB_CLIENT_CONFIRMATION_OK"
779,10828387307,10828387345,1,"IOTHUB_CLIENT_CONFIRMATION_OK"
780,10828387640,10828387668,1,"IOTHUB_CLIENT_CONFIRMATION_OK"
781,10828387974,10828388001,1,"IOTHUB_CLIENT_CONFIRMATION_OK"
782,10828388307,10828388335,1,"IOTHUB_CLIENT_CONFIRMATION_OK"
783,10828388640,10828388671,1,"IOTHUB_CLIENT_CONFIRMATION_OK"
784,10828388973,10828389001,1,"IOTHUB_CLIENT_CONFIRMATION_OK"
785,10828389306,10828389398,1,"IOTHUB_CLIENT_CONFIRMATION_OK"
786,10828389639,10828389799,1,"IOTHUB_CLIENT_CONFIRMATION_OK"
787,10828389973,10828390000,1,"IOTHUB_CLIENT_CONFIRMATION_OK"
788,10828390306,10828390332,1,"IOTHUB_CLIENT_CONFIRMATION_OK"
789,10828390639,10828390674,1,"IOTHUB_CLIENT_CONFIRMATION_OK"
790,10828390972,10828391000,1,"IOTHUB_CLIENT_CONFIRMATION_OK"
791,10828391305,10828391334,1,"IOTHUB_CLIENT_CONFIRMATION_OK"
792,10828391638,10828391666,1,"IOTHUB_CLIENT_CONFIRMATION_OK"
793,10828391971,10828392048,1,"IOTHUB_CLIENT_CONFIRMATION_OK"
794,10828392305,10828392338,1,"IOTHUB_CLIENT_CONFIRMATION_OK"
795,10828392638,10828392666,1,"IOTHUB_CLIENT_CONFIRMATION_OK"
796,10828392971,10828393000,1,"IOTHUB_CLIENT_CONFIRMATION_OK"
797,10828393304,10828393333,1,"IOTHUB_CLIENT_CONFIRMATION_OK"
798,10828393637,10828393677,1,"IOTHUB_CLIENT_CONFIRMATION_OK"
799,10828393970,10828393998,1,"IOTHUB_CLIENT_CONFIRMATION_OK"
800,10828394304,10828394332,1,"IOTHUB_CLIENT_CONFIRMATION_OK"
801,10828394637,10828394670,1,"IOTHUB_CLIENT_CONFIRMATION_OK"
802,10828394970,10828394998,1,"IOTHUB_CLIENT_CONFIRMATION_OK"
803,10828395303,10828395331,1,"IOTHUB_CLIENT_CONFIRMATION_OK"
804,10828395636,10828395664,1,"IOTHUB_CLIENT_CONFIRMATION_OK"
805,10828395969,10828395998,1,"IOTHUB_CLIENT_CONFIRMATION_OK"
806,10828396303,10828396331,1,"IOTHUB_CLIENT_CONFIRMATION_OK"
807,10828396636,10828396673,1,"IOTHUB_CLIENT_CONFIRMATION_OK"
808,10828396969,10828396997,1,"IOTHUB_CLIENT_CONFIRMATION_OK"
809,10828397302,10828397333,1,"IOTHUB_CLIENT_CONFIRMATION_OK"
810,10828397635,10828397669,1,"IOTHUB_CLIENT_CONFIRMATION_OK"
811,10828397968,10828398008,1,"IOTHUB_CLIENT_CONFIRMATION_OK"
812,10828398301,10828398377,1,"IOTHUB_CLIENT_CONFIRMATION_OK"
813,10828398635,10828398675,1,"IOTHUB_CLIENT_CONFIRMATION_OK"
814,10828398968,10828398999,1,"IOTHUB_CLIENT_CONFIRMATION_OK"
815,10828399301,10828399350,1,"IOTHUB_CLIENT_CONFIRMATION_OK"
816,10828399634,10828399663,1,"IOTHUB_CLIENT_CONFIRMATION_OK"
817,10828399967,10828399995,1,"IOTHUB_CLIENT_CONFIRMATION_OK"
818,10828400300,10828400329,1,"IOTHUB_CLIENT_CONFIRMATION_OK"
819,10828400634,10828400694,1,"IOTHUB_CLIENT_CONFIRMATION_OK"
820,10828400967,10828400996,1,"IOTHUB_CLIENT_CONFIRMATION_OK"
821,10828401300,10828401329,1,"IOTHUB_CLIENT_CONFIRMATION_OK"
822,10828401633,10828401671,1,"IOTHUB_CLIENT_CONFIRMATION_OK"
823,10828401966,10828401997,1,"IOTHUB_CLIENT_CONFIRMATION_OK"
824,10828402299,10828402329,1,"IOTHUB_CLIENT_CONFIRMATION_OK"
825,10828402632,10828402677,1,"IOTHUB_CLIENT_CONFIRMATION_OK"
826,10828402966,10828403069,1,"IOTHUB_CLIENT_CONFIRMATION_OK"
827,10828403299,10828403327,1,"IOTHUB_CLIENT_CONFIRMATION_OK"
828,10828403632,10828403665,1,"IOTHUB_CLIENT_CONFIRMATION_OK"
829,10828403965,10828404008,1,"IOTHUB_CLIENT_CONFIRMATION_OK"
830,10828404298,10828404326,1,"IOTHUB_CLIENT_CONFIRMATION_OK"
831,10828404632,10828404660,1,"IOTHUB_CLIENT_CONFIRMATION_OK"
832,10828404965,10828404993,1,"IOTHUB_CLIENT_CONFIRMATION_OK"
833,10828405298,10828405488,1,"IOTHUB_CLIENT_CONFIRMATION_OK"
834,10828405631,10828405660,1,"IOTHUB_CLIENT_CONFIRMATION_OK"
835,10828405964,10828405992,1,"IOTHUB_CLIENT_CONFIRMATION_OK"
836,10828406297,10828406330,1,"IOTHUB_CLIENT_CONFIRMATION_OK"
837,10828406630,10828406673,1,"IOTHUB_CLIENT_CONFIRMATION_OK"
838,10828406964,10828406995,1,"IOTHUB_CLIENT_CONFIRMATION_OK"
839,10828407297,10828407326,1,"IOTHUB_CLIENT_CONFIRMATION_OK"
840,10828407630,10828407744,1,"IOTHUB_CLIENT_CONFIRMATION_OK"
841,10828407963,10828407995,1,"IOTHUB_CLIENT_CONFIRMATION_OK"
842,10828408296,10828408324,1,"IOTHUB_CLIENT_CONFIRMATION_OK"
843,10828408629,10828408662,1,"IOTHUB_CLIENT_CONFIRMATION_OK"
844,10828408963,10828408995,1,"IOTHUB_CLIENT_CONFIRMATION_OK"
845,10828409296,10828409324,1,"IOTHUB_CLIENT_CONFIRMATION_OK"
846,10828409629,10828409670,1,"IOTHUB_CLIENT_CONFIRMATION_OK"
847,10828409962,10828410007,1,"IOTHUB_CLIENT_CONFIRMATION_OK"
848,10828410295,10828410324,1,"IOTHUB_CLIENT_CONFIRMATION_OK"
849,10828410628,10828410664,1,"IOTHUB_CLIENT_CONFIRMATION_OK"
850,10828410962,10828410990,1,"IOTHUB_CLIENT_CONFIRMATION_OK"
851,10828411295,10828411323,1,"IOTHUB_CLIENT_CONFIRMATION_OK"
852,10828411628,10828411657,1,"IOTHUB_CLIENT_CONFIRMATION_OK"
853,10828411961,10828411988,1,"IOTHUB_CLIENT_CONFIRMATION_OK"
854,10828412294,10828412472,1,"IOTHUB_CLIENT_CONFIRMATION_OK"
855,10828412627,10828412668,1,"IOTHUB_CLIENT_CONFIRMATION_OK"
856,10828412961,10828412989,1,"IOTHUB_CLIENT_CONFIRMATION_OK"
857,10828413294,10828413323,1,"IOTHUB_CLIENT_CONFIRMATION_OK"
858,10828413627,10828413656,1,"IOTHUB_CLIENT_CONFIRMATION_OK"
859,10828413960,10828413989,1,"IOTHUB_CLIENT_CONFIRMATION_OK"
860,10828414293,10828414321,1,"IOTHUB_CLIENT_CONFIRMATION_OK"
861,10828414626,10828414723,1,"IOTHUB_CLIENT_CONFIRMATION_OK"
862,10828414959,10828414995,1,"IOTHUB_CLIENT_CONFIRMATION_OK"
863,10828415293,10828415321,1,"IOTHUB_CLIENT_CONFIRMATION_OK"
864,10828415626,10828415653,1,"IOTHUB_CLIENT_CONFIRMATION_OK"
865,10828415959,10828415987,1,"IOTHUB_CLIENT_CONFIRMATION_OK"
866,10828416292,10828416336,1,"IOTHUB_CLIENT_CONFIRMATION_OK"
867,10828416625,10828416653,1,"IOTHUB_CLIENT_CONFIRMATION_OK"
868,10828416958,10828416988,1,"IOTHUB_CLIENT_CONFIRMATION_OK"
869,10828417292,10828417319,1,"IOTHUB_CLIENT_CONFIRMATION_OK"
870,10828417625,10828417673,1,"IOTHUB_CLIENT_CONFIRMATION_OK"
871,10828417958,10828417992,1,"IOTHUB_CLIENT_CONFIRMATION_OK"
872,10828418291,10828418328,1,"IOTHUB_CLIENT_CONFIRMATION_OK"
873,10828418624,10828418663,1,"IOTHUB_CLIENT_CONFIRMATION_OK"
874,10828418957,10828418995,1,"IOTHUB_CLIENT_CONFIRMATION_OK"
875,10828419290,10828419488,1,"IOTHUB_CLIENT_CONFIRMATION_OK"
876,10828419624,10828419665,1,"IOTHUB_CLIENT_CONFIRMATION_OK"
877,10828419957,10828419985,1,"IOTHUB_CLIENT_CONFIRMATION_OK"
878,10828420290,10828420329,1,"IOTHUB_CLIENT_CONFIRMATION_OK"
879,10828420623,10828420651,1,"IOTHUB_CLIENT_CONFIRMATION_OK"
880,10828420956,10828420997,1,"IOTHUB_CLIENT_CONFIRMATION_OK"
881,10828421289,10828421321,1,"IOTHUB_CLIENT_CONFIRMATION_OK"
882,10828421623,10828421709,1,"IOTHUB_CLIENT_CONFIRMATION_OK"
883,10828421956,10828421983,1,"IOTHUB_CLIENT_CONFIRMATION_OK"
884,10828422289,10828422336,1,"IOTHUB_CLIENT_CONFIRMATION_OK"
885,10828422622,10828422650,1,"IOTHUB_CLIENT_CONFIRMATION_OK"
886,10828422955,10828422983,1,"IOTHUB_CLIENT_CONFIRMATION_OK"
887,10828423288,10828423316,1,"IOTHUB_CLIENT_CONFIRMATION_OK"
888,10828423622,10828423651,1,"IOTHUB_CLIENT_CONFIRMATION_OK"
889,10828423955,10828423985,1,"IOTHUB_CLIENT_CONFIRMATION_OK"
890,10828424288,10828424317,1,"IOTHUB_CLIENT_CONFIRMATION_OK"
891,10828424621,10828424654,1,"IOTHUB_CLIENT_CONFIRMATION_OK"
892,10828424954,10828424990,1,"IOTHUB_CLIENT_CONFIRMATION_OK"
893,10828425287,10828425328,1,"IOTHUB_CLIENT_CONFIRMATION_OK"
894,10828425621,10828425657,1,"IOTHUB_CLIENT_CONFIRMATION_OK"
895,10828425954,10828425981,1,"IOTHUB_CLIENT_CONFIRMATION_OK"
896,10828426287,10828426415,1,"IOTHUB_CLIENT_CONFIRMATION_OK"
897,10828426620,10828426648,1,"IOTHUB_CLIENT_CONFIRMATION_OK"
898,10828426953,10828426981,1,"IOTHUB_CLIENT_CONFIRMATION_OK"
899,10828427286,10828427314,1,"IOTHUB_CLIENT_CONFIRMATION_OK"
